project,binary,round,attempt,seconds,cpu,other_cores,status,accepted,warmup
clang-debug,baseline,0,1,1.302064555697143,36.457445,1.269180542679893,0,False,True
clang-debug,baseline,0,2,1.3635382521897554,36.65199499999999,0.5339087491774338,0,True,True
clang-debug,rust,0,1,1.255643641576171,34.508825000000016,0.3433896237268065,0,True,True
clang-debug,cpp,0,1,1.3733756728470325,39.34614099999999,0.29406302149127506,0,True,True
clang-debug,rust,1,1,1.2287425706163049,34.015029,0.2644744341873846,0,True,False
clang-debug,cpp,1,1,1.3434847043827176,39.475082000000015,0.3311671508702054,0,True,False
clang-debug,baseline,1,1,1.2507559955120087,35.617377999999974,0.28192709055420856,0,True,False
clang-debug,cpp,2,1,1.3299898514524102,39.434488000000044,0.3424928393991593,0,True,False
clang-debug,baseline,2,1,1.2805394735187292,35.84775099999996,0.22822334386384088,0,True,False
clang-debug,rust,2,1,1.2241095807403326,34.03715399999999,0.49247715243880597,0,True,False
clang-debug,baseline,3,1,1.282786862924695,36.14215999999999,0.43486569679111997,0,True,False
clang-debug,rust,3,1,1.2395573491230607,34.27005500000007,0.5808081429999392,0,True,False
clang-debug,cpp,3,1,1.3450086992233992,38.88715099999996,0.3887328046102838,0,True,False
chrome-debug-x86_64,baseline,0,1,1.8528903229162097,48.97778200000005,0.346603352273423,0,True,True
chrome-debug-x86_64,rust,0,1,1.8669003788381815,48.966752999999926,3.301326129955485,0,False,True
chrome-debug-x86_64,rust,0,2,1.82782475464046,47.62947500000007,0.3285462693552262,0,True,True
chrome-debug-x86_64,cpp,0,1,1.7394633879885077,48.23008900000002,0.3793761944936006,0,True,True
chrome-debug-x86_64,rust,1,1,1.8606491796672344,48.04337899999996,0.34214993705362207,0,True,False
chrome-debug-x86_64,cpp,1,1,1.7588795572519302,48.12182299999995,0.8745209358320227,0,True,False
chrome-debug-x86_64,baseline,1,1,1.845357191748917,48.52482900000007,0.2737524222685878,0,True,False
chrome-debug-x86_64,cpp,2,1,1.7191041000187397,47.420762999999965,0.37184310268194476,0,True,False
chrome-debug-x86_64,baseline,2,1,1.8589701624587178,49.039278999999965,0.290871266565842,0,True,False
chrome-debug-x86_64,rust,2,1,1.8301291335374117,47.711004,0.3054407435161601,0,True,False
chrome-debug-x86_64,baseline,3,1,1.8484603082761168,48.64538399999992,0.3325015974715141,0,True,False
chrome-debug-x86_64,rust,3,1,1.8323230538517237,47.33618800000022,0.4277695481266261,0,True,False
chrome-debug-x86_64,cpp,3,1,1.7134374435991049,47.290097999999944,0.30342630650209124,0,True,False
chrome-debug-arm64,baseline,0,1,2.01109504327178,52.5978990000001,0.27452755172206705,0,True,True
chrome-debug-arm64,rust,0,1,1.9951514089480042,51.35378999999989,0.28379299899189026,0,True,True
chrome-debug-arm64,cpp,0,1,1.8408810375258327,51.26968299999976,0.34239963672898655,0,True,True
chrome-debug-arm64,rust,1,1,1.993138201534748,51.56305300000031,0.3095354849084768,0,True,False
chrome-debug-arm64,cpp,1,1,1.8242124747484922,50.95748600000002,0.3467326379639343,0,True,False
chrome-debug-arm64,baseline,1,1,2.017781227827072,52.63038399999982,0.4805357429826344,0,True,False
chrome-debug-arm64,cpp,2,1,1.827533544972539,51.10889199999997,0.3781643332192648,0,True,False
chrome-debug-arm64,baseline,2,1,2.0347311245277524,53.22964400000001,0.35403007026169836,0,True,False
chrome-debug-arm64,rust,2,1,2.002107392065227,51.067821000000095,0.32075152583675864,0,True,False
chrome-debug-arm64,baseline,3,1,2.060189605690539,53.302558999999974,0.30455497783743835,0,True,False
chrome-debug-arm64,rust,3,1,2.0202610278502107,51.89406299999996,0.39892716429712133,0,True,False
chrome-debug-arm64,cpp,3,1,1.857716185040772,51.17670300000009,0.3516667459340752,0,True,False
firefox-debug,baseline,0,1,0.8707631807774305,18.87399400000004,0.35142275931870615,0,True,True
firefox-debug,rust,0,1,0.7662025578320026,17.631071999999904,0.2726798565741469,0,True,True
firefox-debug,cpp,0,1,0.7362016765400767,18.675731999999925,0.4540440596181058,0,True,True
firefox-debug,rust,1,1,0.7764734663069248,17.363620999999966,0.2657901515677539,0,True,False
firefox-debug,cpp,1,1,0.7399188205599785,18.81537100000014,0.3981909788168844,0,True,False
firefox-debug,baseline,1,1,0.8509526969864964,18.73431100000016,0.335728418618112,0,True,False
firefox-debug,cpp,2,1,0.7520477306097746,18.628129999999828,0.17534791017464613,0,True,False
firefox-debug,baseline,2,1,0.8303549122065306,19.076545000000124,0.30523695583229926,0,True,False
firefox-debug,rust,2,1,0.7468512309715152,17.291146000000026,0.19930876651586502,0,True,False
firefox-debug,baseline,3,1,0.8485456919297576,18.522374999999784,0.2800379521975399,0,True,False
firefox-debug,rust,3,1,0.7704464318230748,17.29722700000002,0.3410658957331743,0,True,False
firefox-debug,cpp,3,1,0.7502016928046942,18.801764999999932,0.46418850003929607,0,True,False
godot-release,baseline,0,1,0.08993561752140522,1.8734820000001946,0,0,True,True
godot-release,rust,0,1,0.09175361320376396,1.7921089999997548,0.8489148497687881,0,True,True
godot-release,cpp,0,1,0.08204395696520805,2.110046000000011,0.6088686878534375,0,True,True
godot-release,rust,1,1,0.0893305353820324,1.8257830000000013,0,0,True,False
godot-release,cpp,1,1,0.08382329251617193,2.096863000000212,1.2304097397455647,0,False,False
godot-release,cpp,1,2,0.08365331869572401,2.135050999999976,0.7764066810776238,0,True,False
godot-release,baseline,1,1,0.09122956544160843,1.8006059999997888,0.10297103070615488,0,True,False
godot-release,cpp,2,1,0.08422635495662689,2.119236000000228,0.24652616875692762,0,True,False
godot-release,baseline,2,1,0.09268270432949066,1.8565559999997276,0,0,True,False
godot-release,rust,2,1,0.08893565647304058,1.7641150000001744,0,0,True,False
godot-release,baseline,3,1,0.0941675528883934,1.9414469999999255,0.727989665885668,0,True,False
godot-release,rust,3,1,0.09008325822651386,1.808830000000171,1.567105872492868,0,False,False
godot-release,rust,3,2,0.09199639596045017,1.8816750000000866,0,0,True,False
godot-release,cpp,3,1,0.08293682336807251,2.1883309999998346,0.6229922968838778,0,True,False
blender-debug,baseline,0,1,2.1171876145526767,23.02802399999996,0.1379074760739865,0,True,True
blender-debug,rust,0,1,0.8165935063734651,18.935995000000048,0.3355463872237881,0,True,True
blender-debug,cpp,0,1,0.8458364196121693,21.79916800000001,0.17832289084785682,0,True,True
blender-debug,rust,1,1,0.7891782196238637,18.650581000000102,0.29070619224751487,0,True,False
blender-debug,cpp,1,1,0.8555630818009377,22.12849899999992,0.5160355906998179,0,True,False
blender-debug,baseline,1,1,0.8551555443555117,19.827981999999793,0.3063980644292683,0,True,False
blender-debug,cpp,2,1,0.8384611187502742,21.871599999999944,0.16506430032221242,0,True,False
blender-debug,baseline,2,1,0.8320779493078589,19.509327000000212,0.46951490402388657,0,True,False
blender-debug,rust,2,1,0.7765179919078946,18.91983100000016,0.4123136849009416,0,True,False
blender-debug,baseline,3,1,0.865589995868504,19.665227999999843,0.4214142988404691,0,True,False
blender-debug,rust,3,1,0.7764166546985507,19.05161300000009,0.17823805913779045,0,True,False
blender-debug,cpp,3,1,0.8100543553009629,21.889526999999816,0.09934271482089903,0,True,False
blender-release,baseline,0,1,0.3439562004059553,3.406471000000238,0.7952437165821873,0,True,True
blender-release,rust,0,1,0.18424056097865105,3.132713999999851,0.039546126854444016,0,True,True
blender-release,cpp,0,1,0.17862512823194265,3.7396899999998823,0.7295166061333918,0,True,True
blender-release,rust,1,1,0.18684435170143843,3.151354000000083,0.4209172150834498,0,True,False
blender-release,cpp,1,1,0.1817912831902504,3.794995000000199,0.19255597736789026,0,True,False
blender-release,baseline,1,1,0.17665290646255016,3.102331999999933,0.3264480476352293,0,True,False
blender-release,cpp,2,1,0.18698077369481325,3.909125000000131,0.21860537943230857,0,True,False
blender-release,baseline,2,1,0.18932810612022877,3.2079619999999522,0,0,True,False
blender-release,rust,2,1,0.1925763115286827,3.150934999999663,0,0,True,False
blender-release,baseline,3,1,0.18904330022633076,3.212445000000116,0,0,True,False
blender-release,rust,3,1,0.18289270158857107,3.029671000000235,0,0,True,False
blender-release,cpp,3,1,0.18079581018537283,3.820694000000003,0,0,True,False
chrome-release-x86_64,baseline,0,1,1.1562994131818414,19.523209999999835,0.1010032516360401,0,True,True
chrome-release-x86_64,rust,0,1,0.7072577970102429,17.57142900000008,0.1676489083852643,0,True,True
chrome-release-x86_64,cpp,0,1,0.6741551300510764,18.57056999999986,0.3403222704143844,0,True,True
chrome-release-x86_64,rust,1,1,0.6934982882812619,17.27393099999972,0.32598350107043506,0,True,False
chrome-release-x86_64,cpp,1,1,0.6683593858033419,18.598267000000305,0.2719091031741127,0,True,False
chrome-release-x86_64,baseline,1,1,0.7294285176321864,18.61605099999997,0.526369604037932,0,True,False
chrome-release-x86_64,cpp,2,1,0.6689937002956867,18.661384999999882,0.1773036145778123,0,True,False
chrome-release-x86_64,baseline,2,1,0.7405693158507347,18.89608300000009,1.5446454161981544,0,False,False
chrome-release-x86_64,baseline,2,2,0.7432413036003709,18.83893900000021,1.4276130690930897,0,False,False
chrome-release-x86_64,baseline,2,3,0.7464303085580468,18.966204999999718,1.425176579172987,0,False,False
chrome-release-x86_64,baseline,2,4,0.7348534800112247,18.82084200000054,1.3324533715268958,0,False,False
chrome-release-x86_64,baseline,2,5,0.7406343771144748,18.899749999999585,1.256017850314411,0,False,False
chrome-release-x86_64,baseline,2,6,0.7317181238904595,18.743179000000055,1.4033013018293619,0,False,False
chrome-release-x86_64,baseline,2,7,0.7509735366329551,19.136034999999993,1.3901488518259615,0,False,False
chrome-release-x86_64,baseline,2,8,0.7349655013531446,18.811993000000257,2.5552314961150686,0,False,False
chrome-release-x86_64,baseline,2,9,0.7276110826060176,18.651922999999442,1.412948516424964,0,False,False
chrome-release-x86_64,baseline,2,10,0.7351650819182396,18.778921000000537,1.6745613035661198,0,False,False
chrome-release-x86_64,baseline,2,11,0.7294868612661958,18.63611899999978,1.0334401352859577,0,False,False
chrome-release-x86_64,baseline,2,12,0.737503775395453,18.846215999999913,1.4424115942367919,0,False,False
chrome-release-x86_64,baseline,2,13,0.7302921442314982,18.660628000000088,1.532772880802878,0,False,False
chrome-release-x86_64,baseline,2,14,0.7414641352370381,18.81252799999993,1.4666548883882313,0,False,False
chrome-release-x86_64,baseline,2,15,0.7399630500003695,18.778393999999935,1.0157345034887657,0,False,False
chrome-release-x86_64,baseline,2,16,0.7468982618302107,18.83032000000003,1.4723290385055599,0,False,False
chrome-release-x86_64,baseline,2,17,0.736293813213706,18.724477000000206,1.419980698621721,0,False,False
chrome-release-x86_64,baseline,2,18,0.7458085957914591,18.785351999999875,0.1671313586056876,0,True,False
chrome-release-x86_64,rust,2,1,0.7000126726925373,17.568676999999752,0.3304554524432142,0,True,False
chrome-release-x86_64,baseline,3,1,0.7410296937450767,18.65463899999986,0.41207659560896903,0,True,False
chrome-release-x86_64,rust,3,1,0.6954309800639749,17.321203000000423,1.0623584849725825,0,False,False
chrome-release-x86_64,rust,3,2,0.7098307460546494,17.637322999999924,1.2012398826418145,0,False,False
chrome-release-x86_64,rust,3,3,0.70680679846555,17.66219299999966,1.4400073710551953,0,False,False
chrome-release-x86_64,rust,3,4,0.6980055924504995,17.47521000000006,1.2819238333420178,0,False,False
chrome-release-x86_64,rust,3,5,0.695583320222795,17.529558000000634,1.1938785408731905,0,False,False
chrome-release-x86_64,rust,3,6,0.6995064103975892,17.51279499999964,0.9395267749082555,0,True,False
chrome-release-x86_64,cpp,3,1,0.6590290050953627,18.40479200000027,1.5404602740375084,0,False,False
chrome-release-x86_64,cpp,3,2,0.675702671520412,18.900601999999708,1.5974452110619333,0,False,False
chrome-release-x86_64,cpp,3,3,0.6543124746531248,18.23222100000021,1.3262455403283409,0,False,False
chrome-release-x86_64,cpp,3,4,0.6712256008759141,18.633360999999695,1.2464348763164605,0,False,False
chrome-release-x86_64,cpp,3,5,0.6519671278074384,18.312046999999893,1.1165486234775959,0,False,False
chrome-release-x86_64,cpp,3,6,0.6552704209461808,18.271827000000485,1.309647094160852,0,False,False
chrome-release-x86_64,cpp,3,7,0.9005500543862581,21.252105999999912,1.07478090095462,0,False,False
chrome-release-x86_64,cpp,3,8,0.6837977236136794,19.069460000000163,1.2292231567861034,0,False,False
chrome-release-x86_64,cpp,3,9,0.6637545553967357,18.43612099999973,0.17156793289647657,0,True,False
chrome-release-arm64,baseline,0,1,1.3006816981360316,22.827398000000358,0.10194807929083656,0,True,True
chrome-release-arm64,rust,0,1,0.8121169749647379,19.965950999999222,0.49752561487353764,0,True,True
chrome-release-arm64,cpp,0,1,0.7550802044570446,20.614731000000575,0.3380687286741324,0,True,True
chrome-release-arm64,rust,1,1,0.8210204560309649,20.1580399999998,0.22162662914093662,0,True,False
chrome-release-arm64,cpp,1,1,0.7613450707867742,20.80568600000015,0.7937452012384771,0,True,False
chrome-release-arm64,baseline,1,1,0.8486796850338578,21.224753999999848,0.3596716159518848,0,True,False
chrome-release-arm64,cpp,2,1,0.7736665364354849,21.265417999999954,0.22565536551547463,0,True,False
chrome-release-arm64,baseline,2,1,0.8499096464365721,21.369407000000137,0.22425089911986554,0,True,False
chrome-release-arm64,rust,2,1,0.8164611589163542,20.24154099999987,0.48803178056191837,0,True,False
chrome-release-arm64,baseline,3,1,0.8537774104624987,21.42120100000011,0.1157198610169659,0,True,False
chrome-release-arm64,rust,3,1,0.8166987579315901,20.16217800000004,0.30344359100276797,0,True,False
chrome-release-arm64,cpp,3,1,0.7926303260028362,21.745092999999997,0.28374765818271913,0,True,False
clang-release,baseline,0,1,0.24664609786123037,2.430601999999908,0.6868059254094339,0,True,True
clang-release,rust,0,1,0.1079400209710002,2.38384700000006,0.05700388549711112,0,True,True
clang-release,cpp,0,1,0.10171171370893717,2.720925999999963,0,0,True,True
clang-release,rust,1,1,0.10874396562576294,2.3756570000000465,1.6952020636066014,0,False,False
clang-release,rust,1,2,0.11047615297138691,2.404820999999629,0,0,True,False
clang-release,cpp,1,1,0.1022625807672739,2.795412000000397,0.2404398570145912,0,True,False
clang-release,baseline,1,1,0.10602515563368797,2.2546259999999165,0,0,True,False
clang-release,cpp,2,1,0.09990910720080137,2.684368000000177,0,0,True,False
clang-release,baseline,2,1,0.11094318982213736,2.28708000000006,0.38686464920117647,0,True,False
clang-release,rust,2,1,0.10881776548922062,2.4214289999995344,0,0,True,False
clang-release,baseline,3,1,0.11706917826086283,2.4164160000004813,0.6285514529000585,0,True,False
clang-release,rust,3,1,0.10435341577976942,2.276261999999406,1.1857589671201416,0,False,False
clang-release,rust,3,2,0.10830164887011051,2.317428000000291,0.30075252204432446,0,True,False
clang-release,cpp,3,1,0.09824078809469938,2.686134000000038,0.1411430348749632,0,True,False
clickhouse-debug,baseline,0,1,2.8698084373027086,29.167641000000458,0.16808055626276858,0,True,True
clickhouse-debug,rust,0,1,1.015455847606063,24.023117999999158,0.20373312853563316,0,True,True
clickhouse-debug,cpp,0,1,1.0795358149334788,29.185465000000022,0.33767754568919894,0,True,True
clickhouse-debug,rust,1,1,0.9855645261704922,23.52679500000022,0.33808542267489494,0,True,False
clickhouse-debug,cpp,1,1,0.9794556694105268,25.7039620000005,0.2409889543621399,0,True,False
clickhouse-debug,baseline,1,1,1.0749836983159184,25.802844999999706,0.5089891152280623,0,True,False
clickhouse-debug,cpp,2,1,0.9730810839682817,25.81633099999999,0.29151630441042614,0,True,False
clickhouse-debug,baseline,2,1,1.0699447533115745,25.504483000000164,0.3603148661673166,0,True,False
clickhouse-debug,rust,2,1,1.0110084414482117,23.900710999999774,0.33559462827073605,0,True,False
clickhouse-debug,baseline,3,1,1.0476609477773309,25.424891000000116,0.30077383599586033,0,True,False
clickhouse-debug,rust,3,1,1.0085525708273053,24.01042899999993,0.07889623052618452,0,True,False
clickhouse-debug,cpp,3,1,0.9829497681930661,26.38040799999999,0.3047887179959575,0,True,False
clickhouse-release,baseline,0,1,1.0150788761675358,10.482602000000043,0.16491132112004736,0,True,True
clickhouse-release,rust,0,1,0.4385751010850072,9.698370999999952,0.20892430710109638,0,True,True
clickhouse-release,cpp,0,1,0.40423948876559734,11.344069000000218,0.2620501111939603,0,True,True
clickhouse-release,rust,1,1,0.447636597789824,9.677679999999782,0.7423879091988085,0,True,False
clickhouse-release,cpp,1,1,0.41158016864210367,11.420591999999942,1.4563578348682253,0,False,False
clickhouse-release,cpp,1,2,0.40632509626448154,11.172829999999976,1.8880694416090864,0,False,False
clickhouse-release,cpp,1,3,0.4096398241817951,11.395172000000002,1.3300171649669035,0,False,False
clickhouse-release,cpp,1,4,0.38933350518345833,11.01515900000004,1.3994197651378883,0,False,False
clickhouse-release,cpp,1,5,0.40172909013926983,11.153510000000097,1.3852370031282806,0,False,False
clickhouse-release,cpp,1,6,0.41083218809217215,11.364996000000247,1.4482896378127295,0,False,False
clickhouse-release,cpp,1,7,0.41875101532787085,11.406629999999495,1.2020747065668158,0,False,False
clickhouse-release,cpp,1,8,0.40698036551475525,11.191965000000437,1.2728746760016643,0,False,False
clickhouse-release,cpp,1,9,0.4114992255344987,11.52803700000004,3.0181417576532295,0,False,False
clickhouse-release,cpp,1,10,0.4000825146213174,11.182590999999775,1.2182711915058388,0,False,False
clickhouse-release,cpp,1,11,0.3930873339995742,11.056188999999904,1.2307977318509848,0,False,False
clickhouse-release,cpp,1,12,0.42947389278560877,11.791140000000269,1.3711194210478255,0,False,False
clickhouse-release,cpp,1,13,0.4119727145880461,11.433865999999853,1.082921239404095,0,False,False
clickhouse-release,cpp,1,14,0.40679179038852453,11.30481299999974,1.4139592201040025,0,False,False
clickhouse-release,cpp,1,15,0.4079501535743475,11.34216699999979,1.857660764188517,0,False,False
clickhouse-release,cpp,1,16,0.4076464865356684,11.258142000000134,1.5009524613285732,0,False,False
clickhouse-release,cpp,1,17,0.4062745049595833,11.23962900000015,1.4777471605934855,0,False,False
clickhouse-release,cpp,1,18,0.3967941626906395,11.263503000000128,1.5284927409340907,0,False,False
clickhouse-release,cpp,1,19,0.3923265840858221,10.991946999999982,0.27541595668800617,0,True,False
clickhouse-release,baseline,1,1,0.42354168836027384,9.636438999999882,0.3153432281848097,0,True,False
clickhouse-release,cpp,2,1,0.4166426248848438,11.52303000000029,0.16073728316803568,0,True,False
clickhouse-release,baseline,2,1,0.4328213632106781,9.61174099999971,0.4349577457871494,0,True,False
clickhouse-release,rust,2,1,0.4306311486288905,9.661417000000256,0.2753702363830385,0,True,False
clickhouse-release,baseline,3,1,0.443773727864027,9.879930999999942,0.11282551570375006,0,True,False
clickhouse-release,rust,3,1,0.4337304374203086,9.588099000000057,0.3502198174953653,0,True,False
clickhouse-release,cpp,3,1,0.4134255889803171,11.27687399999968,0.1526901038750744,0,True,False
firefox-debug-arm64,baseline,0,1,1.918132908642292,24.778174000000035,0.23555510396905924,0,True,True
firefox-debug-arm64,rust,0,1,0.8627032889053226,20.845902999999907,0.25976138398924,0,True,True
firefox-debug-arm64,cpp,0,1,0.8613108778372407,22.13659400000006,0.3754811522943793,0,True,True
firefox-debug-arm64,rust,1,1,0.894254632294178,20.684133000000656,0.017743263446440272,0,True,False
firefox-debug-arm64,cpp,1,1,0.8531553745269775,22.347089999999298,0.3784890818009493,0,True,False
firefox-debug-arm64,baseline,1,1,0.9270411655306816,22.186043000000154,0.48968375674668774,0,True,False
firefox-debug-arm64,cpp,2,1,0.8781089326366782,22.59698900000012,0.27674356460068444,0,True,False
firefox-debug-arm64,baseline,2,1,0.9042491223663092,22.28980700000011,0.3872749134436807,0,True,False
firefox-debug-arm64,rust,2,1,0.8783345920965075,20.891679000000295,0.23717727089921098,0,True,False
firefox-debug-arm64,baseline,3,1,0.949737899005413,22.733854999999494,0.3960513735403917,0,True,False
firefox-debug-arm64,rust,3,1,0.9135586991906166,20.832100999999966,0.29324771547520695,0,True,False
firefox-debug-arm64,cpp,3,1,0.8538148701190948,22.07092300000022,0.12775251816186023,0,True,False
firefox-release,baseline,0,1,0.3293273588642478,3.5535739999995712,0,0,True,True
firefox-release,rust,0,1,0.1994827138260007,3.1717969999999696,0.341899309359122,0,True,True
firefox-release,cpp,0,1,0.1958952397108078,3.7346800000004805,0.6907774020831671,0,True,True
firefox-release,rust,1,1,0.20268804300576448,3.3138609999996333,0.2769724177393189,0,True,False
firefox-release,cpp,1,1,0.207690067589283,3.9152460000004794,0.1191871999593501,0,True,False
firefox-release,baseline,1,1,0.2066859444603324,3.360535999999229,0.19093702096529883,0,True,False
firefox-release,cpp,2,1,0.20215343590825796,3.7760080000007292,0.31655161257813075,0,True,False
firefox-release,baseline,2,1,0.2099634725600481,3.3132729999997537,0.31780291051993287,0,True,False
firefox-release,rust,2,1,0.19879572000354528,3.2787530000005063,0,0,True,False
firefox-release,baseline,3,1,0.21790252719074488,3.384371000000101,0.07172472348657852,0,True,False
firefox-release,rust,3,1,0.20053099747747183,3.2690399999992223,0.503463335041214,0,True,False
firefox-release,cpp,3,1,0.198543562553823,3.8579939999999624,0.5137713838818347,0,True,False
godot-debug,baseline,0,1,1.0096471989527345,10.559729000000516,0,0,True,True
godot-debug,rust,0,1,0.38360483571887016,8.995890000000145,0,0,True,True
godot-debug,cpp,0,1,0.3701927177608013,10.346949999999197,0.22434260783174698,0,True,True
godot-debug,rust,1,1,0.37932420428842306,8.848916000000827,0.3192097879285677,0,True,False
godot-debug,cpp,1,1,0.3630478670820594,10.279172999998991,0.4429911650754072,0,True,False
godot-debug,baseline,1,1,0.46139616798609495,9.1871000000001,0.3964055404187982,0,True,False
godot-debug,cpp,2,1,0.3664185646921396,10.355592000000797,0.09390354067938221,0,True,False
godot-debug,baseline,2,1,0.46144085843116045,9.231319999999869,0.4305644017484171,0,True,False
godot-debug,rust,2,1,0.3782152524217963,8.992639999999483,0.4160593669948264,0,True,False
godot-debug,baseline,3,1,0.4647850962355733,9.320684999999685,0.02004151657964223,0,True,False
godot-debug,rust,3,1,0.3713307501748204,8.926579000000856,0.5478162058638641,0,True,False
godot-debug,cpp,3,1,0.3682374721392989,10.437176000000363,0.3607020206987912,0,True,False
libmergedlo.so-debug,baseline,0,1,0.9755140347406268,12.50908999999956,0,0,True,True
libmergedlo.so-debug,rust,0,1,0.46374180261045694,11.871447999999873,0.3850245891459529,0,True,True
libmergedlo.so-debug,cpp,0,1,0.4302643248811364,12.086037999999462,0.6367295254612975,0,True,True
libmergedlo.so-debug,rust,1,1,0.4602639880031347,11.529498000000785,0.17490397141959296,0,True,False
libmergedlo.so-debug,cpp,1,1,0.4357814369723201,12.327054999999746,0.21328352679303636,0,True,False
libmergedlo.so-debug,baseline,1,1,0.4614560306072235,11.545070000000123,0.40075323423181697,0,True,False
libmergedlo.so-debug,cpp,2,1,0.43142488691955805,12.139191999999639,0.0714098855271758,0,True,False
libmergedlo.so-debug,baseline,2,1,0.46444262843579054,11.81170800000018,0.3192902455860391,0,True,False
libmergedlo.so-debug,rust,2,1,0.4639630224555731,11.65147799999977,0.12613505400617028,0,True,False
libmergedlo.so-debug,baseline,3,1,0.48540631495416164,12.112609000000703,0.180036791522174,0,True,False
libmergedlo.so-debug,rust,3,1,0.44702763948589563,11.320541999999477,0.06589749467061343,0,True,False
libmergedlo.so-debug,cpp,3,1,0.43390912003815174,12.145950000000084,0.3319819576347698,0,True,False
libmergedlo.so-release,baseline,0,1,0.2733275359496474,3.9860200000002806,0.5633534142865583,0,True,True
libmergedlo.so-release,rust,0,1,0.19092033430933952,4.159447,0.736186666437618,0,True,True
libmergedlo.so-release,cpp,0,1,0.18232943397015333,4.8121689999998125,0.7559448440584835,0,True,True
libmergedlo.so-release,rust,1,1,0.18545596208423376,4.097788999999466,0.49721236556669046,0,True,False
libmergedlo.so-release,cpp,1,1,0.18935968447476625,5.03205700000035,0.570042144372504,0,True,False
libmergedlo.so-release,baseline,1,1,0.1825580419972539,4.040801000000101,0.5433833509095003,0,True,False
libmergedlo.so-release,cpp,2,1,0.1769801415503025,4.658274999999776,0.6312854925372727,0,True,False
libmergedlo.so-release,baseline,2,1,0.18649667501449585,4.105102999999872,0.6697009700722301,0,True,False
libmergedlo.so-release,rust,2,1,0.18541520275175571,4.0798750000003565,0.27033922751718836,0,True,False
libmergedlo.so-release,baseline,3,1,0.1898724427446723,4.031877999999779,0.6221123866244651,0,True,False
libmergedlo.so-release,rust,3,1,0.1915513901039958,4.229150000000118,0.6309011590769797,0,True,False
libmergedlo.so-release,cpp,3,1,0.19219235517084599,5.13889300000028,0.36997830028452594,0,True,False
pytorch-debug,baseline,0,1,1.8228521086275578,22.076780999999755,0.007251820410102002,0,True,True
pytorch-debug,rust,0,1,0.7198729394003749,19.23332500000015,0.3565559809760492,0,True,True
pytorch-debug,cpp,0,1,0.7669839849695563,21.320928999999524,0.350816968019032,0,True,True
pytorch-debug,rust,1,1,0.7340596420690417,19.226293000000624,0.2638845445731726,0,True,False
pytorch-debug,cpp,1,1,0.7830084953457117,21.64299200000005,0.35377394170645143,0,True,False
pytorch-debug,baseline,1,1,0.7775108329951763,20.132356000000073,0.31850873932851337,0,True,False
pytorch-debug,cpp,2,1,0.7822334803640842,22.046070999999756,0.1584296727878751,0,True,False
pytorch-debug,baseline,2,1,0.7786298748105764,20.01030400000036,0.2307848740830424,0,True,False
pytorch-debug,rust,2,1,0.7639294769614935,19.39953399999922,0.3933164049717324,0,True,False
pytorch-debug,baseline,3,1,0.7917701061815023,19.908642999999756,0.254312454880734,0,True,False
pytorch-debug,rust,3,1,0.766916636377573,19.134108000000197,0.19023188026069793,0,True,False
pytorch-debug,cpp,3,1,0.8385022832080722,21.878083000000515,0.2646587921508768,0,True,False
pytorch-release,baseline,0,1,0.3241864172741771,3.433455999999751,0,0,True,True
pytorch-release,rust,0,1,0.14879126474261284,3.1791199999997843,0.8124132638370146,0,True,True
pytorch-release,cpp,0,1,0.14006427489221096,3.589034999999967,0.2210770543855923,0,True,True
pytorch-release,rust,1,1,0.14491580054163933,3.069621000000552,0,0,True,False
pytorch-release,cpp,1,1,0.1403951533138752,3.5616739999995843,0.4154416726039667,0,True,False
pytorch-release,baseline,1,1,0.15012622438371181,3.174079999999776,0,0,True,False
pytorch-release,cpp,2,1,0.1453827191144228,3.7235810000001948,0,0,True,False
pytorch-release,baseline,2,1,0.1497138887643814,3.091787000000295,0,0,True,False
pytorch-release,rust,2,1,0.14531308971345425,3.0822849999995015,1.2229799687335512,0,False,False
pytorch-release,rust,2,2,0.15378016140311956,3.3792940000003,0.004590938290653231,0,True,False
pytorch-release,baseline,3,1,0.14661182090640068,3.0583299999998417,0.42063460086142046,0,True,False
pytorch-release,rust,3,1,0.14672112930566072,3.1460509999997157,0.16322803608286868,0,True,False
pytorch-release,cpp,3,1,0.1371642965823412,3.438648000000285,0.009856775044355514,0,True,False
tensorflow-debug,baseline,0,1,2.9069930287078023,63.78613000000041,0.29716961478007864,0,True,True
tensorflow-debug,rust,0,1,2.4080017264932394,55.904726999999184,0.36763802816974944,0,True,True
tensorflow-debug,cpp,0,1,2.1706328811123967,57.10918600000059,0.5347813595649465,0,True,True
tensorflow-debug,rust,1,1,2.2639403883367777,54.93097300000045,0.3794388772473697,0,True,False
tensorflow-debug,cpp,1,1,2.1512821447104216,57.437504999999874,0.3033051697705858,0,True,False
tensorflow-debug,baseline,1,1,3.13249558955431,70.32438300000013,0.3593355427964894,0,True,False
tensorflow-debug,cpp,2,1,2.148849952965975,57.452322999999524,0.37586477213055675,0,True,False
tensorflow-debug,baseline,2,1,2.9270654441788793,64.12947500000064,0.3384020698059936,0,True,False
tensorflow-debug,rust,2,1,2.2812811406329274,55.30753099999947,0.3210779180435603,0,True,False
tensorflow-debug,baseline,3,1,2.9668450811877847,63.20316199999979,0.35621610464774806,0,True,False
tensorflow-debug,rust,3,1,2.2988718012347817,55.580535000000054,0.3695138629503626,0,True,False
tensorflow-debug,cpp,3,1,2.130319473333657,57.6323510000002,0.5293332817115093,0,True,False
tensorflow-release,baseline,0,1,0.8549841567873955,11.427674999999908,0.06119996932928922,0,True,True
tensorflow-release,rust,0,1,0.5112397819757462,9.778651999999965,0.3938425838921339,0,True,True
tensorflow-release,cpp,0,1,0.47740479558706284,10.922763999999916,0.20367621812170777,0,True,True
tensorflow-release,rust,1,1,0.49792977422475815,9.837475000000268,0.5874824330133734,0,True,False
tensorflow-release,cpp,1,1,0.4793505519628525,10.971779999999853,0.45524094365259427,0,True,False
tensorflow-release,baseline,1,1,0.6376465829089284,11.140965999999935,0.1082637353425519,0,True,False
tensorflow-release,cpp,2,1,0.4620536705479026,10.926555000000008,0.3753784734237426,0,True,False
tensorflow-release,baseline,2,1,0.6421017926186323,11.25173199999972,0.5735352384966468,0,True,False
tensorflow-release,rust,2,1,0.4924679324030876,9.697301000000152,0.025786452392849817,0,True,False
tensorflow-release,baseline,3,1,0.6392052136361599,11.131937000000107,0.2472805223328383,0,True,False
tensorflow-release,rust,3,1,0.499392494559288,9.701866000000336,0.23655541800230603,0,True,False
tensorflow-release,cpp,3,1,0.4799237083643675,10.975648999999976,0.34245234759540605,0,True,False
